<?xml version="1.0" encoding="UTF-8"?>
<project-private xmlns="http://www.netbeans.org/ns/project-private/1">
    <editor-bookmarks xmlns="http://www.netbeans.org/ns/editor-bookmarks/2" lastBookmarkId="0"/>
    <open-files xmlns="http://www.netbeans.org/ns/projectui-open-files/2">
        <group>
            <file>file:/home/carlos/NetBeansProjects/JavaSEAbrilNoche/Clase06/src/clase06/Collections.jpeg</file>
            <file>file:/home/carlos/NetBeansProjects/JavaSEAbrilNoche/Clase06/src/clase06/Clase06.java</file>
            <file>file:/home/carlos/NetBeansProjects/JavaSEAbrilNoche/Clase06/src/clase06/Auto.java</file>
        </group>
    </open-files>
</project-private>
